title,app_id
EA SPORTS FC‚Ñ¢ 25,2669320
Dota 2,570
War Thunder,236390
Tiny Glade,2198150
Crusader Kings III,1158310
TCG Card Shop Simulator,3070070
Satisfactory,526870
Liar's Bar,3097560
Crusader Kings III: Roads to Power,2671070
Squad,393380
Rust,252490
Frostpunk 2,1601580
PUBG: BATTLEGROUNDS,578080
Once Human,2139460
Football Manager 25,2217490
Call of Duty¬Æ: Black Ops III,311210
Farming Simulator 25,2300320
DUCKSIDE,2682580
Sons Of The Forest,1326470
Euro Truck Simulator 2,227300
Recycling Center Simulator,2928520
Microsoft Flight Simulator 2024,2537590
NBA 2K25,2878980
Manor Lords,1363080
Hearts of Iron IV,394360
Victoria 3,529340
BeamNG.drive,284160
Slackers - Carts of Glory,2354000
"Ranch Simulator: Build, Hunt, Farm",1119730
Crusader Kings III: Legends of the Dead,2671060
Mechabellum,669330
Europa Universalis IV,236850
Chained Together,2567870
theHunter: Call of the Wild‚Ñ¢,518790
Assetto Corsa,244210
Northgard,466560
The Sims‚Ñ¢ 4,1222670
Planet Zoo,703080
Stellaris,281990
MONOPOLY Poker,1474700
Stardew Valley,413150
Forza Horizon 5,1551360
iRacing,266410
Lightyear Frontier,1677110
Against the Storm,1336490
CarX Street,1114150
Supermarket Simulator,2670630
Yu-Gi-Oh! Master Duel,1449850
Hell Let Loose,686810
Assetto Corsa Competizione,805550
Raft,648800
Graviteam Tactics: Mius-Front,312980
Golf With Your Friends,431240
Tabletop Simulator,286160
SnowRunner,1465360
Farming Simulator 22,1248130
My Summer Car,516750
Core Keeper,1621690
Disney Dreamlight Valley,1401590
Project Zomboid,108600
Crime Scene Cleaner,1040200
Arma Reforger,1874880
OCTOPATH TRAVELER‚Ñ¢,921570
Abiotic Factor,427410
Balatro,2379780
Gas Station Simulator,1149620
DREDGE,1562430
ACE COMBAT‚Ñ¢ 7: SKIES UNKNOWN,502500
VRChat,438100
Euro Truck Simulator 2 - Scandinavia,304212
Necesse,1169040
PGA TOUR 2K23,1588010
Ale & Tale Tavern,2683150
Fishing Planet,380600
TRIANGLE STRATEGY,1850510
Zoochosis,2458560
Xenonauts 2,538030
The Forest,242760
Atelier Ryza: Ever Darkness & the Secret Hideout,1121560
Police Simulator: Patrol Officers,997010
MX Bikes,655500
7 Days to Die,251570
Crusader Kings III: Wandering Nobles,2671080
Contraband Police,756800
Outer Wilds,753640
Against the Storm - Keepers of the Stone,3075500
Home Safety Hotline,2357910
Rain World,312520
Black Desert,582660
DiRT Rally 2.0,690790
Governor of Poker 3,436150
City Car Driving,493490
BOOK OF HOURS,1028310
Turmoil,361280
"Little Kitty, Big City",1177980
Norland,1857090
Quasimorph,2059170
theHunter: Call of the Wild‚Ñ¢ - Sundarpatan Nepal Hunting Reserve,2869680
World of Warships,552990
Amber Isle,1663040
Software Inc.,362620
Grocery Store Simulator,2961880
Fernbus Simulator,427100
Space Engineers,244850
IdleOn - The Idle RPG,1476970
Trailmakers,585420
Teardown,1167630
The Mortuary Assistant,1295920
Total War: THREE KINGDOMS,779340
American Truck Simulator,270880
ContractVille,2698780
Two Point Hospital,535930
Tower! Simulator 3,2176130
RimWorld,294100
Dyson Sphere Program,1366540
DCS World Steam Edition,223750
DYNASTY WARRIORS 9 Empires,1341200
while True: learn(),619150
Football Manager 2024,2252570
Refind Self: The Personality Test Game,2514960
The Sims‚Ñ¢ 4 City Living,1235731
Hellsweeper VR,1341490
Motel Manager Simulator,2594540
World of Tanks,1407200
Construction Simulator,1273400
Legendary Tales,1465070
Star Trucker,2380050
Tavern Manager Simulator üçª,2756770
Medieval Dynasty,1129580
Blade and Sorcery,629730
eFootball‚Ñ¢,1665460
The Sims‚Ñ¢ 4 Cats & Dogs,1235721
Euro Truck Simulator 2 - West Balkans,2004210
Firestone: Online Idle RPG,1013320
Car Mechanic Simulator 2021,1190000
Bellwright,1812450
House Flipper 2,1190970
Kart Racing Pro,415600
Endling - Extinction is Forever,898890
CarX Street - Deluxe Cars,3028020
Atelier Ryza 3: Alchemist of the End & the Secret Key,1999770
Dungeon Tycoon,2400770
DUCKSIDE Supporter pack,3102060
The Long Drive,1017180
Workers & Resources: Soviet Republic,784150
PowerWash Simulator,1290000
Liftoff¬Æ: FPV Drone Racing,410340
Shop Titans,1258080
Fields of Mistria,2142790
Cataclismo,1422440
Empires of the Undergrowth,463530
Beasts of Bermuda,719890
Gas Station Simulator - Car Junkyard DLC,2782920
Microsoft Flight Simulator 40th Anniversary Edition,1250410
Pinball Spire,2601940
Sid Meier's Civilization¬Æ VII,1295660
Garry's Mod,4000
Terra Invicta,1176470
CarX Drift Racing Online,635260
The Crew‚Ñ¢ 2,646910
BOOK OF HOURS: HOUSE OF LIGHT,2834350
WARNO,1611600
Stellaris: The Machine Age,2840100
Total War: NAPOLEON ‚Äì Definitive Edition,34030
rFactor 2,365960
The Sims‚Ñ¢ 4 Growing Together Expansion Pack,1904392
Expansion - Europa Universalis IV: Winds of Change,2854750
Euro Truck Simulator 2 - Beyond the Baltic Sea,925580
Vampire Therapist,2481020
Russian Fishing 4,766570
SpaceEngine,314650
UNDERDOGS,2441700
Eleven Table Tennis,488310
Moonstone Island,1658150
NBA 2K25 Hall of Fame Pass: Season 1,2974820
Cities: Skylines,255710
Dorfromantik,1455840
Stellaris: Astral Planes,2534090
Space Haven,979110
Into the Breach,590380
Palia,2707930
Uncrashed : FPV Drone Simulator,1682970
Mount & Blade II: Bannerlord,261550
Infection Free Zone,1465460
VTOL VR,667970
Nodebuster,3107330
Plutocracy,754500
Sun Haven,1432860
Tower Unite,394690
ATOM RPG: Post-apocalyptic indie game,552620
Factorio,427520
Fuga: Melodies of Steel 2,2001340
shapez 2,2162800
Atelier Ryza 2: Lost Legends & the Secret Fairy,1257290
Critter Cove,1631470
theHunter: Call of the Wild‚Ñ¢ - Scopes and Crosshairs Pack,3106720
EcoGnomix,2473640
Expansion - Europa Universalis IV: Domination,2223660
Overcooked! 2,728880
The Last Clockwinder,1755100
Firefighting Simulator - The Squad,420560
Emergency Call 112 - The Fire Fighting Simulation 2: The Swap Body Vehicle,2715800
Emergency Call 112 ‚Äì The Fire Fighting Simulation 2,785770
Ova Magica,1299170
Thief Simulator 2,1332720
Planet Zoo: Conservation Pack,2013290
Cookie Clicker,1454400
Project Hospital,868360
Motorcycle Mechanic Simulator 2021,1078760
Battle Brothers,365360
Two Point Campus,1649080
Euro Truck Simulator 2 - Going East!,227310
Garden Life: A Cozy Simulator,1915380
Fantasy Map Simulator,3035500
X-Plane 11,269950
theHunter Classic,253710
Dystopika,2379910
Ultimate Epic Battle Simulator 2,1468720
Trans-Siberian Railway Simulator,998400
Kynseed,758870
Viscera Cleanup Detail,246900
Old World,597180
F1¬Æ Manager 2024,2591280
Atelier Ayesha: The Alchemist of Dusk DX,1152300
Expansion - Hearts of Iron IV: Arms Against Tyranny,2183930
Sky Rogue,381020
TrackDayR,1511630
Expansion - Hearts of Iron IV: By Blood Alone,1880650
Retro Gadgets,1730260
WHAT THE BAT?,2012100
Sky Haven Tycoon - Airport Simulator,674090
F1¬Æ 24,2488620
Car Mechanic Simulator 2021 - Dodge | Plymouth | Chrysler Remastered DLC,2464230
All Quiet in the Trenches,863500
X-Plane 12,2014780
Oxygen Not Included,457140
Fishing Planet: Sailor Collection Pack,2922520
War Thunder - F-20A Tigershark Pack,2825820
The Sims‚Ñ¢ 4 Parenthood,1235745
Untitled Goose Game,837470
Soulash 2,2399160
Besiege,346010
DCS: F-16C Viper,1090850
Tower! Simulator 3 - EKCH Airport,2800220
Escape Simulator,1435790
Class of '09,1443200
Timberborn,1062090
Crusader Kings III: Legacy of Persia,2313540
Jumplight Odyssey,1893820
Drug Lord Tycoon,2450700
Assassin‚Äôs Creed¬Æ Rogue,311560
Nexomon: Extinction,1196630
Train Valley World,2244470
Forza Motorsport,2440510
EA SPORTS‚Ñ¢ Madden NFL 25,2582560
Steel Division 2 - Death on the Vistula,1165510
Out of Ore,2009350
Immersion Pack - Europa Universalis IV: King of Kings,2502910
Going Medieval,1029780
Yu-Gi-Oh! Duel Links,601510
Crusader Kings II,203770
Volcanoids,951440
American Truck Simulator - Arkansas,2585150
Pacific Drive,1458140
My Time at Sandrock,1084600
Land of the Vikings,1981570
Stellaris: First Contact Story Pack,2277860
News Tower,1649950
Rooftops & Alleys: The Parkour Game,2703850
HARD BULLET,1294760
theHunter: Call of the Wild‚Ñ¢ - Emerald Coast Australia,2383430
Paleo Pines,1202200
Assetto Corsa - Dream Pack 2,404430
Goat Simulator 3,850190
Frostpunk,323190
Expansion - Hearts of Iron IV: No Step Back,1348661
DAVE THE DIVER,1868140
Clanfolk,1700870
The Sims‚Ñ¢ 4 My Wedding Stories Game Pack,1621460
Supermarket Together,2709570
Gas Station Simulator - Tidal Wave DLC,2600880
Supermarket Together - The Cool Pack,3146530
Junkyard Truck,1697880
No Man's Sky,275850
Assetto Corsa Competizione - GT4 Pack,1337860
Squirrel with a Gun,2067050
Chef RPG,1796790
Counter-Strike: Source,240
War Thunder - Al-Khalid-I Pack,3209370
Automation - The Car Company Tycoon Game,293760
Stellaris: Nemesis,1522090
Assetto Corsa - Ferrari 70th Anniversary Pack,675590
War Thunder - F-4S Phantom II Pack,2315421
Galaxy Burger,2749770
Train Sim World¬Æ 5: BR Class 33 Add-On,2969450
Assetto Corsa - Dream Pack 1,347990
Train Sim World¬Æ 5,2967990
Tactics Ogre: Reborn,1451090
Pinball FX3,442120
Crusader Kings III: Tours & Tournaments,2311920
TerraScape,2290000
Symphony of War: The Nephilim Saga - Legends,2432430
Little Witch in the Woods,1594940
WolfQuest: Anniversary Edition,926990
Old School Rally,2824660
AdVenture Capitalist,346900
THE GAME OF LIFE,403120
Elite Dangerous,359320
"Good Pizza, Great Pizza - Cooking Simulator Game",770810
Tropico 4,57690
Total War: MEDIEVAL II ‚Äì Definitive Edition,4700
Mount & Blade: With Fire & Sword,48720
The Ranch of Rivershine,1559600
Enlisted,2051620
Assetto Corsa - Dream Pack 3,423630
Your Only Move Is HUSTLE,2212330
Keplerth,747200
Pennon and Battle,2915660
SnowRunner - Season 14: Reap & Sow,2709460
Cat God Ranch,2797340
Crusader Kings III: Friends & Foes,2114760
shapez,1318690
Stranded Deep,313120
Absolute Drift,320140
Assetto Corsa - Red Pack,493190
Violent Horror Stories: anthology,3080380
Craftomation 101: Programming & Craft,1724140
Turmoil - Deeper Underground,3106610
Pharaoh‚Ñ¢: A New Era,1351080
Gates of Migad,3111890
Disney Speedstorm,1537830
Class of '09: The Re-Up,2318310
Icarus: New Frontiers Expansion,1648532
We Who Are About To Die,973230
Victoria 3: Sphere of Influence,2411231
Sid Meier's Civilization¬Æ V,8930
My Time at Portia,666140
HD Poker: Texas Hold'em,797430
Who's Your Daddy?!,427730
Living With Sister: Monochrome Fantasy,2429860
Cell to Singularity - Evolution Never Ends,977400
NGU IDLE,1147690
Phoenix Point - Festering Skies DLC,1357372
IL-2 Sturmovik: Cliffs of Dover Blitz Edition,754530
The Sims‚Ñ¢ 4 Get To Work,1235734
Expansion - Hearts of Iron IV: La R√©sistance,1158100
Kingdoms Reborn,1307890
PC Building Simulator,621060
The Sims‚Ñ¢ 3,47890
The Isle,376210
Planet Zoo: Grasslands Animal Pack,2199210
Assetto Corsa - Porsche Pack I,526060
My Recycling Center,2613060
Forza Horizon 5 Universal Icons Car Pack,2997790
Planet Zoo: Wetlands Animal Pack,1934140
Football Manager 2023 In-game Editor,2017220
VTOL VR: EF-24 Mischief - Electronic Warfare,2531290
Country Pack - Hearts of Iron IV: Battle for the Bosporus,1348660
Tabletop Simulator - Zombicide,468726
House Party,611790
House Party - Business and Pleasure Style Pack,2363800
Intravenous 2,2608270
Dungeons 3,493900
Beyond The Wire,1058650
Root: The Underworld Expansion,2253060
Luck be a Landlord,1404850
Root,965580
Planet Zoo: Southeast Asia Animal Pack,1567110
Planet Zoo: Aquatic Pack,1471590
Rival Stars Horse Racing: Desktop Edition,1166860
Planet Zoo: Europe Pack,1726150
Planet Zoo: Arid Animal Pack,2436600
Planet Zoo: Australia Pack,1349400
Age of Mythology: Extended Edition,266840
Chef Life: A Restaurant Simulator,1122340
Blush Blush,777130
Sid Meier‚Äôs Civilization¬Æ VI,289070
Day of Dragons,1088090
Automobilista 2,1066890
Shardpunk,1183800
Immortal Life,1201230
Tales of Fablecraft,2176900
Mini Airways,2289650
Preserve,2109270
Euro Truck Simulator 2 - K√§ssbohrer Trailer Pack,3034950
"Flashing Lights - Police, Firefighting, Emergency Services (EMS) Simulator",605740
Old World - Wonders and Dynasties,2587430
Construction Simulator - Liebherr Pack,2657380
Papa's Freezeria Deluxe,2291760
RaceRoom Racing Experience,211500
"Knowledge, or know Lady",2786680
EA SPORTS‚Ñ¢ WRC,1849250
Le Mans Ultimate,2399420
Barotrauma,602960
Slay the Princess,1989270
Gas Station Simulator - Airstrip DLC,2137370
Surviving the Aftermath,684450
theHunter: Call of the Wild‚Ñ¢  - Ambusher Pack,2532370
Day of Dragons - Blitz Striker Amphithere,1268630
ABZU,384190
Euro Truck Simulator 2 - JCB Equipment Pack,2780800
"Northgard - Svardilfari, Clan of the Horse",1036760
"Northgard - Hr√¶svelg, Clan of the Eagle",2138500
The Farmer Was Replaced,2060160
Assetto Corsa - Porsche Pack II,540710
Assetto Corsa Competizione - 2020 GT World Challenge Pack,1449260
UBOAT: The Silent Wolf VR,1455390
The Long Dark,305620
Turing Complete,1444480
Arma 3,107410
People Playground,1118200
BAD END THEATER,1764390
Assetto Corsa - Ready To Race Pack,619680
Space Engineers - Decorative Pack #3,2504720
The Riftbreaker,780310
X-Plane 11 - Add-on: Aerosoft - SAM GroundService,1952480
Icarus: Styx Expansion,1995690
Five Nights at Freddy's 4,388090
My Singing Monsters,1419170
Euro Truck Simulator 2 - K√∂gel Trailer Pack,3034940
Farmer Against Potatoes Idle,1535560
"Northgard - Lyngbakr, Clan of the Kraken",1088640
Aimlabs+ Premium Membership,2253310
My Dream Setup,2200780
Euro Truck Simulator 2 - Special Transport,558245
Niche - a genetics survival game,440650
Stronghold Crusader 2,232890
Atelier Sophie 2: The Alchemist of the Mysterious Dream,1621310
Shin chan: Me and the Professor on Summer Vacation The Endless Seven-Day Journey,2061250
LEGO¬Æ Worlds,332310
Arma II: DayZ Mod,224580
Coral Island,1158160
Fae Farm,2230110
Shredders,1874170
LEGO¬Æ Bricktales,1898290
Atelier Marie Remake: The Alchemist of Salburg,2138090
IL-2 Sturmovik: Desert Wings - Tobruk,1049440
Assetto Corsa - Porsche Pack III,540711
Country Pack - Hearts of Iron IV: Trial of Allegiance,2695150
Spaceflight Simulator,1718870
Steel Division 2,919640
Empire of Sin,604540
Sons of Valhalla,1409830
Euro Truck Simulator 2 - Volvo Construction Equipment,1704460
NASCAR Heat 5,1265860
Business Tour - Board Game with Online Multiplayer,397900
GearBlocks,1305080
Plague Inc: Evolved,246620
Goat Simulator,265930
"Papers, Please",239030
Aimlabs,714010
Thirty Years' War,477750
My Recycling Center - Resources Trading Expansion,3022730
Universe Sandbox,230290
Easy Red 2: Ardennes 1940 & 1944,2617770
BONEWORKS,823500
Forever Skies,1641960
Digimon Survive,871980
Icarus: Pet Companions Pack,2923820
Everafter Falls,1416960
Crusader Kings III: Wards & Wardens,2313541
Sticky Business,2303350
Wars of Succession,867250
Casino Simulator,2898270
Stellaris: Galactic Paragons,2380030
Ships At Sea,1266540
Golf It!,571740
CarX Drift Racing Online - American Ways,1159010
Dwarf Fortress,975370
"Northgard - Vordr, Clan of the Owl",2658730
Ship Graveyard Simulator 2 - Warships DLC,2628300
Pinball FX,2328760
Kerbal Space Program,220200
Sledders,2486740
The Walking Dead: Saints & Sinners,916840
Spellcaster University,895620
Prison Architect,233450
World Warfare & Economics,1700300
GROUND BRANCH,16900
Windstorm: Start of a Great Friendship - Remastered,2829790
IRON REBELLION,1192900
Comet 64,1397290
Crusader Kings III Content Creator Pack: North African Attire,2671030
We Sold Our Soul For Rock 'n' Roll,3211060
Expansion - Europa Universalis IV: Dharma,827240
"Dungeons 4 - The Good, the Bad and the Evil",2964020
Project Hospital - Hospital Services,1282550
SimCasino,1158420
Golden Lap,2052040
Assetto Corsa Competizione - Challengers Pack,1865950
Northgard - Cross of Vidar Expansion Pack,2228200
Astride,1754960
Hydroneer,1106840
Subside,2550040
Dawn of Man,858810
shapez - Puzzle DLC,1625400
Against the Storm - Supporter Pack,2712950
WolfQuest Anniversary - Building Character Pack,1970630
Unnamed Space Idle,2471100
Shokudo Underworld,3050530
Euro Truck Simulator 2 - Schmitz Cargobull Trailer Pack,2833100
Assetto Corsa Competizione - GT2 Pack,2700600
Cities: Skylines - Content Creator Pack: Sports Venues,2224690
The Exit 8,2653790
Assetto corsa - Japanese Pack,467980
Fishing Planet: Saltwater Match Pack,1200342
Magic Research 2,2864890
UBOAT,494840
theHunter: Call of the Wild‚Ñ¢ - ATV SABER 4X4,630940
Space Engineers - Signal Pack,2914120
CarX Drift Racing Online - Season Pass,1535220
"Northgard - Kernev, Clan of the Stoat",2515460
Big Ambitions,1331550
Descenders,681280
Xenonauts,223830
theHunter: Call of the Wild‚Ñ¢ - Modern Rifle Pack,1843410
WHAT THE GOLF?,785790
UBOAT - Supporter Pack,3129990
Passpartout 2: The Lost Artist,1571100
Tower Walker: MMO Grind Simulator,2130060
theHunter: Call of the Wild‚Ñ¢ - New England Mountains,2167630
Car Mechanic Simulator 2021 - Jeep | RAM Remastered DLC,2889700
Victoria 3: Voice of the People,2282100
Deep Among the Swarm,2746030
Arma 3 Creator DLC: S.O.G. Prairie Fire,1227700
Cooking Simulator VR,1358140
Wylde Flowers,1896700
Green Hell,815370
Overcooked - The Lost Morsel,530060
SunnySide,1746930
Stronghold: Definitive Edition,2140020
Drums Rock,1906020
CarX Drift Racing Online - Hit The Wall,1901670
MXGP 2019 - The Official Motocross Videogame,1018160
The Settlers: New Allies,2750080
SimCity‚Ñ¢ 4 Deluxe Edition,24780
ZERO Sievert,1782120
SPORE‚Ñ¢ Galactic Adventures,24720
Fishing: Barents Sea,501080
Two Point Hospital: Speedy Recovery,1901750
NBA 2K24,2338770
Farm Together 2,2418520
The Sims‚Ñ¢ 3 World Adventures,47892
The Sims‚Ñ¢ 4 Realm of Magic,1235746
Scrap Mechanic,387990
Scania Truck Driving Simulator,258760
Expansion - Hearts of Iron IV: Man the Guns,815460
Atelier Shallie: Alchemists of the Dusk Sea DX,1152320
"Hot Dogs, Horseshoes & Hand Grenades",450540
Planet Zoo: Oceania Pack,2502240
Planet Zoo: Eurasia Animal Pack,2675740
Eyes: The Horror Game,2633640
Project Hospital - Traumatology Department,1423900
Project Hospital - Department of Infectious Diseases,1368210
Zoo 2: Animal Park,1352330
Farming Simulator 22 - Premium Expansion,2243200
April 24th,2907190
Planet Zoo: Africa Pack,1647620
Anno 1800 - Steampunk Pack,2830580
Thrive,1779200
DSX,1812620
My Garage,1578390
We Need To Cook - Drug Empire Simulator,2491770
Pinball FX - Peanuts' Snoopy Pinball,2351842
Cyber Manhunt,1216710
Pinball FX - MY LITTLE PONY Pinball,2351841
Fishing Planet: World Cats Cup Pack,1804842
WorldBox - God Simulator,1206560
SKIBIDI: ESCAPE FROM TOILETS!,2497560
Way of the Hunter - Bear Archery Pack,3091580
Fishing Planet: Club Enthusiast Pack,1804849
Little-Known Galaxy,2521600
Battle Talent,1331510
Disc Golf: Game On,1896550
theHunter: Call of the Wild‚Ñ¢ - Treestand & Tripod Pack,1076850
Gunsmith Simulator,1101120
Trainz Railroad Simulator 2019,553520
Virtual Hunter,1549850
CarX Drift Racing Online - Engine Swaps Unlock,2154970
FPV LOGIC,2398030
The Lost Legends of Redwall: Feasts & Friends,2632490
Disney‚Ä¢Pixar Cars,331160
Ostranauts,1022980
STAR WARS‚Ñ¢ Empire at War - Gold Pack,32470
"Love, Ghostie",1789490
Paleo Pines Trick or Treat DLC,3066180
Witchy Life Story,1427340
Paleo Pines Spooktacular DLC,3066240
Weedcraft Inc,622720
MudRunner,675010
Totally Accurate Battle Simulator,508440
WARNO - Nemesis #1 - Air Assault,2978640
Saleblazers,1419850
Beer Factory,1782570
"Northgard - Himminbrjotir, Clan of the Ox",1223060
"Northgard - Ratatoskr, Clan of the Squirrel",1644210
Rewind Or Die,2329130
Assetto Corsa Competizione - 24H N√ºrburgring Pack,2700610
RimWorld - Ideology,1392840
Euro Truck Simulator 2 - Road to the Black Sea,1056760
The Sims‚Ñ¢ 4 Vampires,1235743
RimWorld - Royalty,1149640
American Truck Simulator - Texas,1465750
Stellaris: Toxoids Species Pack,2115770
SUMMERHOUSE,2533960
WolfQuest Anniversary - Hellroaring Mountain,2874030
Assetto Corsa -Tripl3 Pack,509350
Stellaris: Federations,1140001
Stellaris: Overlord,1889490
Black Skylands,1143810
Thief Simulator,704850
Ravenfield,636480
JOY OF PROGRAMMING - Software Engineering Simulator,2216770
Victoria 3: Melodies for the Masses Music Pack,2348450
Kebab Chefs! - Restaurant Simulator,1001270
Rain World: Downpour,1933390
Stellaris: MegaCorp,944290
Idle Cave Miner,2289450
The Sims‚Ñ¢ 4 My First Pet Stuff,1235753
The Long Dark: Tales from the Far Territory,2091330
PAYDAY 2,218620
"Yes, Your Grace",1115690
Caves of Qud,333640
Hometopia,1138640
State of Decay: YOSE,329430
Turmoil - The Heat Is On,804760
Settlements Rising,2378910
Blush Blush - Kitsune Bundle,2587610
Rune Coliseum,2360210
DiRT Rally 2.0 - Germany (Rally Location),1004892
KovaaK's,824270
DCS: F-16C The Gamblers Campaign by Baltic Dragon,3015300
Rec Room,471710
Two Point Hospital: Off the Grid,1196150
Two Point Hospital: Close Encounters,1096580
Two Point Hospital: Bigfoot,966690
Planet Coaster,493340
Euro Truck Simulator 2 - Mighty Griffin Tuning Pack,461244
Workers & Resources: Soviet Republic - Biomes,2499360
theHunter: Call of the Wild‚Ñ¢ - Bloodhound,1546670
Space Engineers - Automatons,1958640
Euro Truck Simulator 2 - High Power Cargo Pack,304214
Euro Truck Simulator 2 - Heavy Cargo Pack,531131
Platform 8,2903560
The Infected,1360000
The Monster Breeder,1192440
theHunter: Call of the Wild‚Ñ¢ - Medved-Taiga,695680
Ages of Conflict: World War Simulator,2186320
Demolish & Build 3,1203670
"Northgard - Brundr & Kaelinn, Clan of the Lynx",1401490
theHunter: Call of the Wild‚Ñ¢ - Revontuli Coast,1931910
"Northgard - Nidhogg, Clan of the Dragon",971630
"Northgard - Sv√°fnir, Clan of the Snake",888650
Kingspray Graffiti VR,471660
theHunter: Call of the Wild‚Ñ¢ - Hunter Power Pack,2299780
Stellaris: Grand Archive,2863080
EVERSPACE‚Ñ¢ 2 - Titans,2873460
Elite Dangerous: Odyssey,1336350
Icarus: Holdfast Outpost,1648540
Trailmakers: Motorhead Pack,3009870
If My Heart Had Wings,326480
Icarus: Iceholm Outpost,1648541
Steel Division 2 - Burning Baltics,1418231
EVERSPACE‚Ñ¢ 2,1128920
Under A New Sun,2075580
Tropico 6 - Tropican Shores,2938080
Anno 1404 - History Edition,1281630
Farming Simulator 2013 Titanium Edition,220260
Notruf 112 | Emergency Call 112,491530
Moving Out 2,1641700
Gourdlets,2013730
theHunter: Call of the Wild‚Ñ¢ - High Caliber Weapon Pack,2701860
Phoenix Point - Kaos Engines DLC,1622221
Cities: Skylines - Industries,715194
Hand Simulator,657200
CarX Drift Racing Online - Japan Fest,1112470
Furnish Master,2004080
SHENZHEN I/O,504210
House Flipper,613100
Mob Factory,2182630
Kingdoms and Castles,569480
XENOTILT: HOSTILE PINBALL ACTION,2008980
Assetto Corsa Competizione - 2023 GT World Challenge Pack,2328720
Tower Walker - The Lich,2693140
Littlewood,894940
House Flipper - Farm DLC,1832960
Sankaku Renai: Love Triangle Trouble,1009450
Ark of Charon,2827810
Fureraba ~Friend to Lover~,822760
Euro Truck Simulator 2 - Iberia,1209460
Euro Truck Simulator 2 - Italia,558244
Euro Truck Simulator 2 - Vive la France !,531130
Assetto Corsa Competizione - Intercontinental GT Pack,1201360
DCS: F-15C Flaming Cliffs,250300
"Northgard - Dodsvagr, Clan of the Rat",1876990
Hero's Adventure: Road to Passion,1948980
Ancient Aliens: The Game,1998260
Octodad: Dadliest Catch,224480
SnowRunner - Season 13: Dig & Drill,2709450
Little Big Workshop,574720
DiRT Rally 2.0 - Finland (Rally Location),1118292
DiRT Rally 2.0 - Sweden (Rally Location),1004891
DiRT Rally 2.0 - Wales (Rally Location),1004894
DiRT Rally 2.0 - Greece (Rally Location),1118290
The Operator,1771980
Car Mechanic Simulator 2021 - BMW DLC,2601200
Galaxy Pass Station,1571990
Space Engineers - Style Pack,1084680
Space Engineers - Warfare 2,1783760
Space Engineers - Decorative Pack,1049790
King's Bounty II,1135300
Space Engineers - Decorative Pack #2,1167910
The Testing Chamber,1921900
Space Engineers - Warfare 1,1475830
Space Engineers - Economy Deluxe,1135960
Space Engineers - Wasteland,1374610
Stronghold Kingdoms,47410
Gas Station Simulator - Can Touch This DLC,1940030
Police Simulator: Patrol Officers: Guardian Police Vehicle DLC,2210960
Havendock,2020710
The Sapling,997380
Space Engineers - Heavy Industry,1676100
Ultimate Godspeed,1435750
Aka,1591450
Paper Kingdom,1930390
Kerbal Space Program: Making History Expansion,283740
Kerbal Space Program: Breaking Ground Expansion,982970
"Cook, Serve, Delicious! 3?!",1000030
Eiyu*Senki ‚Äì¬†The World Conquest,691770
Lemon Cake,1338330
Poly Bridge 2,1062160
Dungeon Tycoon - Supporter Pack,3233000
Old World - Behind the Throne,2587420
Nexomon,1191580
American Truck Simulator - Nebraska,2543810
Hearts of Iron IV: Content Creator Pack - Soviet Union 2D Art,2981720
Killer Frequency,1903620
SnowRunner - Season 8: Grand Harvest,1585815
Easy Red 2,1324780
RIDE 5,1650010
Euro Truck Simulator 2 - Krone Trailer Pack,933610
Car Mechanic Simulator 2021 - Rims DLC,2721070
Insurgency: Sandstorm,581320
Puffin Planes,2897240
Summer Memories,1227890
Let's Go! My Harem Farm,2659960
theHunter: Call of the Wild‚Ñ¢ - Labrador Retriever,2631430
Elven Assassin,503770
My Dream Setup - Bathroom DLC,2926420
Car Mechanic Simulator 2021 - Mercedes-Benz Remastered DLC,2112232
No Place Like Home,1472660
Crusader Kings III: Northern Lords,1303183
Crusader Kings III: Fate of Iberia,1303184
Mortal Glory 2,2216660
Regiments,1109680
Regiments - Winds of Change,2542770
Moving Houses,2831060
A Total War Saga: TROY - Blood & Glory,1353190
Fly in the House,350500
Railway Empire 2 - High Voltage,2677560
WolfQuest Anniversary - Lost River,1529930
Railway Empire 2,1644320
Beasts of Bermuda - Pteranodon Supporter Warpaint,2665900
Storm Chasers,862800
Pushing It! With Sisyphus,2899090
The Lost Village,1963040
Idling to Rule the Gods,466170
My Time at Sandrock - Summer Heat Collection 3,2595610
River Town Factory,2281410
State of Decay 2: Juggernaut Edition,495420
Bus World,1193090
Jurassic World Evolution 2: Dominion Malta Expansion,2177430
Home Design 3D,420000
HOT WHEELS UNLEASHED‚Ñ¢ 2 - Turbocharged,2051120
Planet Zoo: Arctic Pack,1196770
Construction Simulator - Airfield Expansion,2295780
Lightyear Frontier - Pioneer's Bundle,2655090
Growtopia,866020
War Thunder - British Starter Pack,1368801
Dummynation,1892030
FTL: Faster Than Light,212680
Yu-Gi-Oh! Legacy of the Duelist : Link Evolution,1150640
Age of History II,603850
Anno 1701 History Edition,2820140
Men of War: Assault Squad 2 - Airborne,357760
Sakura Succubus 9,2788150
Planet Zoo: Barnyard Animal Pack,2837730
Caesar‚Ñ¢ IV,517810
Age of Mythology EX: Tale of the Dragon,355960
Pinball FX - Star Wars‚Ñ¢ Pinball:  The Force Awakens Pack,2357271
The Sims‚Ñ¢ 4 Storybook Nursery Kit,2815430
The Sims‚Ñ¢ 4 Artist Studio Kit,2815420
Welcome to the Game II,720250
SILENT BREATH,2796180
Graviteam Tactics: Treacherous Lakes,2717580
Gazillionaire,1169100
Workers & Resources: Soviet Republic - Soundtrack,1049900
RIDE 5 - King of the Hills Pack,2315190
"Cook, Serve, Delicious! 2!!",386620
Stormworks: Search and Destroy,1542360
Game Dev Tycoon,239820
Hardwar,1500540
Two Point Hospital: Fancy Dress Pack,1376920
American Truck Simulator - Oregon,800370
American Truck Simulator - Wyoming,1415692
American Truck Simulator - Idaho,1209470
American Truck Simulator - Montana,1811080
American Truck Simulator - Washington,1015160
Tank Force: Online Shooter Game,604500
Malice,1799220
Football Manager 2024 In-game Editor,2473420
WGT Golf,1182020
DYSMANTLE: Underworld,2004110
City Bus Manager - Holiday Resorts & Sightseeing Buses,3218520
City Bus Manager,1364210
Passpartout: The Starving Artist,582550
Stellaris: Ancient Relics Story Pack,1045980
Stellaris: Lithoids Species Pack,1140000
Stellaris: Aquatics Species Pack,1749080
Stellaris: Synthetic Dawn Story Pack,642750
Stellaris: Humanoids Species Pack,756010
Hydroneer: Journey to Volcalidus,2659380
Stellaris: Plantoids Species Pack,498870
"Northgard - Garm, Clan of the Hounds",2946220
Fallout Shelter,588430
Stellaris: Leviathans Story Pack,518910
Stellaris: Necroids Species Pack,1341520
Beach Club Simulator 2024,2856030
Headquarters: World War II,1840800
theHunter: Call of the Wild‚Ñ¢ - Smoking Barrels Weapon Pack,1252750
Headquarters: World War II - Market Garden,3047640
Volcano Princess,1669980
Sniper: Ghost Warrior 2,34870
The Drone Racing League Simulator,641780
Call of the Wild: The Angler‚Ñ¢ - South Africa Reserve,2500370
Call of the Wild: The Angler‚Ñ¢,1408610
Patrician IV,57620
Oxygen Not Included - Spaced Out!,1452490
Convenience Stories,2119650
Book of Yog Idle RPG,1097430
Cities: Skylines - Hotels & Retreats,2342310
PowerWash Simulator ‚Äì Alice‚Äôs Adventures Special Pack,2736310
Arma 3 Creator DLC: Reaction Forces,2647760
The Riftbreaker: Heart of the Swamp,2506610
PowerWash Simulator ‚Äì SpongeBob SquarePants Special Pack,2236950
Imperator: Rome,859580
Session: Skate Sim,861650
Buddy Simulator 1984,1269950
The Riftbreaker: Into The Dark,2108630
theHunter: Call of the Wild‚Ñ¢ - Saseka Safari Trophy Lodge,1164110
Granny Simulator,1053680
Euro Truck Simulator 2 - TIRSAN Trailer Pack,2569750
Imperator: Rome - Magna Graecia Content Pack,1252870
Euro Truck Simulator 2 - Schwarzm√ºller Trailer Pack,388477
Placid Plastic Duck Simulator,1999360
The Riftbreaker: Metal Terror,1945600
ESCAPE FROM BOYKISSER,2708280
Panzer Corps 2: War Stories - Fall of Poland,3023770
Panzer Corps 2,1072040
Tank Mechanic Simulator,407130
My Recycling Center - Container Truck Expansion,2852900
theHunter: Call of the Wild‚Ñ¢ - Te Awaroa National Park,1463090
Forklift Simulator 2023,2469610
theHunter: Call of the Wild‚Ñ¢ - Silver Ridge Peaks,1316840
Two Point Hospital: Retro Items Pack,1035020
Two Point Hospital: Exhibition Items Pack,1144500
Metro Simulator 2,1787480
art of rally,550320
Slime Rancher,433340
Slime Rancher: Secret Style Pack,1079180
To The Rescue!,946720
Beasts of Bermuda - Original Soundtrack,2272740
Marbles on Stream,1170970
Blackjack Championship,1178160
Clicker Heroes,363970
Two Point Hospital: Pebberley Island,1003310
art of rally: australia,2250420
Two Point Hospital: Culture Shock,1377080
Victoria 3: Dawn of Wonder,2411230
Two Point Hospital: A Stitch in Time,1498090
Ship Graveyard Simulator 2,2201940
Kingdom Two Crowns: Norse Lands,1708680
Kingdom Two Crowns,701160
WARNO - Digital Guides,2981540
Claw Machine Sim,2456120
Rusty's Retirement,2666510
Idle Fishing,2725560
JudgeSim,2919660
Lifeforms: Binary Fission,2481920
Fishing Planet: Sport Heavy Casting Pack,423363
Life Makeover,2626940
WolfQuest: Anniversary - Yellowstone Wolf Coat Pack,1529920
Graviteam Tactics: Bird Grove,1848420
Fly Corp,1372530
My Island,1004270
Old World - Pharaohs of the Nile,2587410
Cat Cafe Manager,1354830
Jurassic World Evolution 2,1244460
Cities: Skylines - Content Creator Pack: Industrial Evolution,2313322
Escape Simulator: Steampunk DLC,1942100
Victoria 3: Colossus of the South,2591240
CONFLICT OF NATIONS: WORLD WAR 3,784950
Caesar‚Ñ¢ 3,517790
Dead In Vinland,573120
Fishing Planet: Sport Bottom Pack,1000717
Car Mechanic Simulator 2021 - Ford Remastered DLC,2282030
Car Mechanic Simulator 2021 - Pagani Remastered DLC,1773800
Graveyard Keeper,599140
Death From Above,2300160
Seduction of Beauty,2733530
Oxygen Not Included: The Frosty Planet Pack,2952300
Assetto Corsa Competizione - British GT Pack,1493170
Final Stardust: Cosmic Nexus,1896570
Home Safety Hotline: Seasonal Worker,2914730
Icarus: Interior Decorations Pack,2445280
[Chilla's Art] The Convenience Store | Â§úÂã§‰∫ã‰ª∂,1228520
"Trolley Problem, Inc.",1582680
The Test: Secrets of the Soul,2231890
The Test: Secrets of the Soul 2,2349550
The Test,1241510
My Dream Setup - Pets DLC,2637930
Chillquarium,2276930
Forza Horizon 5 Acceleration Car Pack,2868420
Pacific Drive: Anomalous Customization Pack,3073780
Dungeons 3 - Clash of Gods,824610
NightClub Simulator,2729480
The Sims‚Ñ¢ 4 Goth Galore Kit,2727380
CarX Drift Racing Online - Young Timers,2395750
The Factory Must Grow,3169270
Overcooked,448510
Trailmakers: High Seas Expansion,1607390
Maniac,1482380
The Four Kings Casino and Slots,260430
Cities: Skylines - Content Creator Pack: European Suburbia,715190
The Sims‚Ñ¢ 4 Bathroom Clutter Kit,2061331
The Sims‚Ñ¢ 4 Riviera Retreat Kit,2782860
Stardew Valley Soundtrack,440820
Close Combat 4: The Battle of the Bulge,2916190
American Truck Simulator - Farm Machinery,2638630
Workers & Resources: Soviet Republic - Help for Ukraine,1948180
Hell Let Loose - Skull Bucket,2175550
Goat Simulator: GoatZ,344450
Pacific Drive: Friendly Dumpster Customization Pack,2935180
Hell Let Loose - Hot Drop,1793011
Carrier Battles - Into the Wind & Ceylon 1942,3030330
Anno 1800,916440
CarX Drift Racing Online - Street Class Sticker Pack,1308680
Silent Hunter¬Æ III,15210
Achievement Clicker,743640
Pinball FX - Williams Pinball Volume 1,2370405
Pinball FX3 - Williams‚Ñ¢ Pinball: Volume 1,947000
(the) Gnorp Apologue,1473350
Unheard - Voices of Crime,942970
SCUM Supporter Pack 2,1643210
DRIFT CE,520950
Deducto 2,2119590
Car Mechanic Simulator 2021 - China DLC,2546830
Farming Simulator 22 - CLAAS XERION SADDLE TRAC Pack,1673990
Dealer's Life 2 - Support the Developers,1498030
ZooKeeper Simulator,1194680
Beasts of Bermuda - Toxic Death Messages,2231260
Jurassic World Evolution 2: Early Cretaceous Pack,1336322
Cosmic Sugar VR Pro,560410
The Duck Pond,3067180
theHunter: Call of the Wild‚Ñ¢ - Weapon Pack 1,766870
Stronghold HD (2012),40950
theHunter: Call of the Wild‚Ñ¢ - Trophy Lodge Spring Creek Manor,1052690
Euro Truck Simulator 2 - Cabin Accessories,388470
SnowRunner - Rezvani Hercules,2058880
Freeways,780210
American Truck Simulator - Forest Machinery,1076080
theHunter: Call of the Wild‚Ñ¢ - Tents & Ground Blinds,622450
Euro Truck Simulator 2 - Feldbinder Trailer Pack,2193220
Icarus: Arcticus Outpost,2536390
Icarus: Cactus Outpost,2536380
WooLoop - Magic Pack,3126800
MUSYNX,952040
WooLoop,1878910
CarX Drift Racing Online - Pro Drift Sticker Pack,1308670
Ocean Keeper,2845630
Switchball HD,1588760
Dead In Vinland - Norse Side Stories,1037050
Knights of Pen and Paper 2,310060
Hero's Adventure - Her Vanishing Silhouette,3128600
Manor Lords - Soundtrack,2932630
Mortal Glory 2 - Reign of Tyrants,2973140
Dust to the End,1074070
Old World - The Sacred and The Profane,2261870
Car Detailing Simulator,1433570
Dead In Vinland - Official Soundtrack,846100
Fresh Start Cleaning Simulator,1856030
Spirit of the Island,1592110
Dead In Vinland - Endless Mode: Battle Of The Heodenings,969140
Viscera Cleanup Detail - House of Horror,413160
Homeworld 2 Remastered Soundtrack,352710
Homeworld 1 Remastered Soundtrack,352590
[Chilla's Art] Missing Children | Ë°åÊñπ‰∏çÊòé,1306620
Viscera Cleanup Detail - The Vulcan Affair,982110
Stronghold: Definitive Edition - Valley of the Wolf Campaign,2728000
Stronghold: Definitive Edition - Swine's Bay Campaign,2727990
[Chilla's Art] Inunaki Tunnel | Áä¨È≥¥„Éà„É≥„Éç„É´,1185160
[Chilla's Art] Stigmatized Property | ‰∫ãÊïÖÁâ©‰ª∂,1162680
Icarus: Everbark Outpost,2536370
American Truck Simulator - Retrowave Paint Jobs Pack,1784890
Icarus: Tecton Outpost,2536360
Euro Truck Simulator 2 - Michelin Fan Pack,388471
Europa Universalis IV: Fredman's Epistles,486970
Euro Truck Simulator 2 - Goodyear Tyres Pack,1117140
A Total War Saga: TROY,1099410
My Dream Setup - Kitchen DLC,2926430
SnowRunner - Jack of All Treads Tire Pack,2353722
Snake Pass,544330
MXGP - The Official Motocross Videogame,256370
My Time At Portia - NPC Eveningwear Package,1968911
My Time At Portia - Player Costume Package,1968910
My Time At Portia - Player Attire Package,1075040
My Time At Portia - NPC Attire Package,1075041
Weedcraft Inc Soundtrack,1114010
Graviteam Tactics: Raid,905050
Beasts of Bermuda - Tropeognathus Supporter Warpaint,2665890
"Flashing Lights: Interceptor SUV Pack (Police, Fire, EMS)",3051230
Tower Walker - The Warlord,2646230
American Truck Simulator - Classic Stripes Paint Jobs Pack,951650
Star Trucker - Amped Customization Pack,2873570
Flashing Lights: Beast Swat Truck DLC,2649410
"Flashing Lights: Thunder Sport Sedan Pack (Police, Fire, EMS)",2649430
"Flashing Lights: Pickup Truck Triple Pack (Police, Fire, EMS)",2449260
Forza Horizon 5 2020 Lexus RC F,2013620
"RTK13WPK - Additional scenario ""Northern Campaign of Jiang Wei"" ËøΩÂä†„Ç∑„Éä„É™„Ç™„ÄåÂßúÁ∂≠Âåó‰ºê„Äç",544570
BACKROOMS INVASION,2928660
DiRT Rally 2.0 - Seat Ibiza Kit Car,1118273
Sky Caravan,1792270
Loser Simulator,3006630
MX Nitro: Unleashed,488690
Arma 3 Karts,288520
Euro Truck Simulator 2 - Street Art Paint Jobs Pack,1967650
RIDE 5 - Rebel Pack,2315160
Call of War: World War 2,672680
Chair F*cking Simulator,1302800
Euro Truck Simulator 2 - Modern Lines Paint Jobs Pack,2579670
Euro Truck Simulator 2 - Swedish Paint Jobs Pack,347211
Police Car SUV Simulator,2479930
Feather,545040
Skyward Collapse,238890
Barro Racing,1307090
Tech Support: Error Unknown,781480
GUNSHIP,2368650
Gravity Field,1425250
Soccer Online: Ball 3D,485610
Old World - Heroes of the Aegean,1952840
Fat Prisoner Simulator 2,1085270
Casual Penalty,857050
Satellite Repairman,567780
Euro Truck Simulator 2 - Chinese Paint Jobs Pack,461247
Farming Simulator 22 - Fendt 900 Vario Black Beauty,1767690
Russian Life Simulator,1070330
Drunken Fight Simulator,576480
The Art and Illustrations of Star Renegades,1379330
Weapons Genius VR,1273380
Burger Restaurant Simulator,2549720
Planar Conquest,449300
Cats,2977660
"Cozy Keep: Farm, Craft, Manage",2261350
SPORE‚Ñ¢,17390
Bully: Scholarship Edition,12200
Soulmask,2646460
